<?xml version="1.0" encoding="UTF-8"?>
<?oxygen RNGSchema="http://www.oasis-open.org/docbook/xml/5.0/rng/docbookxi.rng" type="xml"?>
<book	xmlns	="http://docbook.org/ns/docbook" 
        xmlns:xi="http://www.w3.org/2001/XInclude"
        xmlns:xl="http://www.w3.org/1999/xlink" 
        version	="5.0">
	
	<info>
		<title>Book Template Title</title>
		
		
		<author>
			<orgname>Organization Name</orgname>
			<email>user@example.com</email>
		</author>
	</info>


	<toc>
		Overview
			Philosophy
			Basic Usage
			Command Flow
			Environment
			XMLSH’s Ingredients

		Example Usage
			Ant
			Embedding
			Java Servlet
			Executable Shell Scripts

		Shell Features
			Basic Syntax
			XML Expressions
				XML Construction
				XQuery Expressions
					Parameters and Variables
				XML Process Substitution
					Reading XML Documents
			Redirection
			
			Namespaces
			Logging
		
		Modules
			Extension Modules
				MarkLogic
				Calabash XProc
				
		Quick Reference 
			Commands
				Core
				POSIX
				Experimental
			Functions
			Namespaces
	</toc>
	
	
</book>
