<?xml version="1.0" encoding="UTF-8"?>
<section	xmlns	="http://docbook.org/ns/docbook"
			xmlns:xi="http://www.w3.org/2001/XInclude"
			xmlns:xl="http://www.w3.org/1999/xlink" 
			xmlns:x	="http://www.w3.org/xhtml/1999"
			version	="5.0">
	
	<info>
		<title>Commands</title>
	</info>
	
	
	<table>
		<thead>
			<tr>
				<th>Command</th>
				<th>Set</th>
				<th>Streaming</th>
				<th>Description</th>
			</tr>
		</thead>
		
		<tfoot>
			<tr>
				<th>Command</th>
				<th>Set</th>
				<th>Streaming</th>
				<th>Description</th>
			</tr>
		</tfoot>
		
		<tbody>
			<tr>
				<td><a href="http://www.xmlsh.org/CommandColon">: </a></td>
				<td>Core</td>
				<td />
				<td>The null command ":"</td>
			</tr>
			<tr>
				<td><a href="CommandTest">[</a></td>
				<td>Core</td>
				<td />
				<td>Evaluates expressions</td>
			</tr>
			<tr>
				<td><a href="http://www.xmlsh.org/CommandBase64">base64</a></td>
				<td><a href="http://www.xmlsh.org/CommandsPosix">Posix</a></td>
				<td>Yes</td>
				<td><a class="missingpage" href="http://www.xmlsh.org/Base64/edit"
						title="Create this page">Base64</a> encode/decode</td>
			</tr>
			<tr>
				<td><a href="http://www.xmlsh.org/CommandBreak">break</a></td>
				<td>Core</td>
				<td />
				<td>Exits one level of a loop</td>
			</tr>
			<tr>
				<td><a href="http://www.xmlsh.org/CommandCat">cat</a></td>
				<td><a href="http://www.xmlsh.org/CommandsPosix">Posix</a></td>
				<td>Yes</td>
				<td>copy or concatenate files</td>
			</tr>
			<tr>
				<td><a href="http://www.xmlsh.org/CommandCd">cd</a></td>
				<td>Core</td>
				<td />
				<td>change or print current directory</td>
			</tr>
			<tr>
				<td><a href="http://www.xmlsh.org/CommandChmod">chmod</a></td>
				<td><a href="http://www.xmlsh.org/CommandsPosix">Posix</a></td>
				<td />
				<td>Change file permissions</td>
			</tr>
			<tr>
				<td><a href="http://www.xmlsh.org/CommandCp">cp</a></td>
				<td><a href="http://www.xmlsh.org/CommandsPosix">Posix</a></td>
				<td>Yes</td>
				<td>copy one or more files</td>
			</tr>
			<tr>
				<td><a href="http://www.xmlsh.org/CommandContinue">continue</a></td>
				<td>Core</td>
				<td />
				<td>Continues the iteration of one level of a loop</td>
			</tr>
			<tr>
				<td><a href="http://www.xmlsh.org/CommandCsv2xml">csv2xml</a></td>
				<td>Core</td>
				<td>Yes</td>
				<td>convert csv file to xml</td>
			</tr>
			<tr>
				<td><a href="http://www.xmlsh.org/CommandDeclare">declare</a></td>
				<td>Core</td>
				<td />
				<td>Declarations (including namespaces)</td>
			</tr>
			<tr>
				<td><a href="http://www.xmlsh.org/CommandEcho">echo</a></td>
				<td>Core</td>
				<td />
				<td>Prints arguments as text</td>
			</tr>
			<tr>
				<td><a href="http://www.xmlsh.org/CommandEval">eval</a></td>
				<td>Core</td>
				<td />
				<td>Evaluate a shell command</td>
			</tr>
			<tr>
				<td><a href="http://www.xmlsh.org/CommandExit">exit</a></td>
				<td>Core</td>
				<td />
				<td>exit the shell, script, or function</td>
			</tr>
			<tr>
				<td><a href="http://www.xmlsh.org/CommandFalse">false</a></td>
				<td>Core</td>
				<td />
				<td>returns false</td>
			</tr>
			<tr>
				<td><a href="http://www.xmlsh.org/CommandFixed2xml">fixed2xml</a></td>
				<td>Core</td>
				<td>Yes</td>
				<td>convert fixed field files to xml</td>
			</tr>
			<tr>
				<td><a href="http://www.xmlsh.org/CommandHelp">help</a></td>
				<td>Core</td>
				<td />
				<td>Help on commands</td>
			</tr>
			<tr>
				<td><a href="http://www.xmlsh.org/CommandHttp">http</a></td>
				<td>Core</td>
				<td />
				<td>Http client command</td>
			</tr>
			<tr>
				<td><a href="http://www.xmlsh.org/CommandHttpserver">httpserver</a></td>
				<td>Core</td>
				<td />
				<td>Http server</td>
			</tr>
			<tr>
				<td><a href="http://www.xmlsh.org/CommandHttpsession">httpsession</a></td>
				<td>Core</td>
				<td />
				<td>Get and set HTTP session variables</td>
			</tr>
			<tr>
				<td><a href="http://www.xmlsh.org/CommandImport">import</a></td>
				<td>Core</td>
				<td />
				<td>Import modules, packages and commands</td>
			</tr>
			<tr>
				<td><a href="http://www.xmlsh.org/CommandJCall">jcall</a></td>
				<td>Core</td>
				<td />
				<td>call java from within the same JVM</td>
			</tr>
			<tr>
				<td><a href="http://www.xmlsh.org/CommandJset">jset</a></td>
				<td>Core</td>
				<td />
				<td>Set a variable by calling a java method</td>
			</tr>
			<tr>
				<td><a href="http://www.xmlsh.org/CommandJson2xml">json2xml</a></td>
				<td>Core</td>
				<td />
				<td>Convert JSON to XML</td>
			</tr>
			<tr>
				<td><a href="http://www.xmlsh.org/CommandJobs">jobs</a></td>
				<td>Core</td>
				<td />
				<td>prints jobs</td>
			</tr>
			<tr>
				<td><a href="http://www.xmlsh.org/CommandLog">log</a></td>
				<td>Core</td>
				<td />
				<td>Writes to log4j log</td>
			</tr>
			<tr>
				<td><a href="http://www.xmlsh.org/CommandLs">ls</a></td>
				<td><a href="http://www.xmlsh.org/CommandsPosix">Posix</a></td>
				<td />
				<td>list files in a directory</td>
			</tr>
			<tr>
				<td><a href="http://www.xmlsh.org/CommandMkdir">mkdir</a></td>
				<td><a href="http://www.xmlsh.org/CommandsPosix">Posix</a></td>
				<td />
				<td>Create directories</td>
			</tr>
			<tr>
				<td><a class="missingpage" href="http://www.xmlsh.org/CommandMktemp/edit"
						title="Create this page">mktemp</a></td>
				<td><a href="http://www.xmlsh.org/CommandsPosix">Posix</a></td>
				<td />
				<td>Create a temporary file or directory</td>
			</tr>
			<tr>
				<td><a href="http://www.xmlsh.org/CommandMore">more</a></td>
				<td><a href="http://www.xmlsh.org/CommandsPosix">Posix</a></td>
				<td>Yes</td>
				<td>Simple pagenator</td>
			</tr>
			<tr>
				<td><a href="http://www.xmlsh.org/CommandMv">mv</a></td>
				<td><a href="http://www.xmlsh.org/CommandsPosix">Posix</a></td>
				<td />
				<td>Move/Rename files</td>
			</tr>
			<tr>
				<td><a href="http://www.xmlsh.org/CommandPwd">pwd</a></td>
				<td><a href="http://www.xmlsh.org/CommandsPosix">Posix</a></td>
				<td />
				<td>print current working directory</td>
			</tr>
			<tr>
				<td><a href="http://www.xmlsh.org/CommandRead">read</a></td>
				<td>Core</td>
				<td />
				<td>reads text into a variable</td>
			</tr>
			<tr>
				<td><a href="http://www.xmlsh.org/CommandReturn">return</a></td>
				<td>Core</td>
				<td />
				<td>Returns from a function</td>
			</tr>
			<tr>
				<td><a href="http://www.xmlsh.org/CommandRequire">require</a></td>
				<td>Core</td>
				<td />
				<td>Checks the current shell for a specified minimum version</td>
			</tr>
			<tr>
				<td><a href="http://www.xmlsh.org/CommandRm">rm</a></td>
				<td><a href="http://www.xmlsh.org/CommandsPosix">Posix</a></td>
				<td />
				<td>Remove/Delete files</td>
			</tr>
			<tr>
				<td><a href="http://www.xmlsh.org/CommandRmdir">rmdir</a></td>
				<td><a href="http://www.xmlsh.org/CommandsPosix">Posix</a></td>
				<td />
				<td>Remove/Delete directories</td>
			</tr>
			<tr>
				<td><a href="http://www.xmlsh.org/CommandRngconvert">rngconvert</a></td>
				<td>Core</td>
				<td />
				<td>Converts to and from RNG schema formats</td>
			</tr>
			<tr>
				<td><a href="http://www.xmlsh.org/CommandRngvalidate">rngvalidate</a></td>
				<td>Core</td>
				<td />
				<td>Validates with an RNG schema</td>
			</tr>
			<tr>
				<td><a href="http://www.xmlsh.org/CommandSchematron">schematron</a></td>
				<td>Core</td>
				<td />
				<td>Validates with a schematron description</td>
			</tr>
			<tr>
				<td><a href="http://www.xmlsh.org/CommandSet">set</a></td>
				<td>Core</td>
				<td />
				<td>set positional parameters and view variables</td>
			</tr>
			<tr>
				<td><a href="http://www.xmlsh.org/CommandShift">shift</a></td>
				<td>Core</td>
				<td />
				<td>shift positional parameters</td>
			</tr>
			<tr>
				<td><a href="http://www.xmlsh.org/CommandSleep">sleep</a></td>
				<td><a href="http://www.xmlsh.org/CommandsPosix">Posix</a></td>
				<td />
				<td>Delay execution</td>
			</tr>
			<tr>
				<td><a href="http://www.xmlsh.org/CommandSource">source (.)</a></td>
				<td>Core</td>
				<td />
				<td>Executes a script within the current shell</td>
			</tr>
			<tr>
				<td><a href="http://www.xmlsh.org/CommandTee">tee</a></td>
				<td><a href="http://www.xmlsh.org/CommandsPosix">Posix</a></td>
				<td>Yes</td>
				<td>|Read from standard input and write to standard output and files</td>
			</tr>
			<tr>
				<td><a href="http://www.xmlsh.org/CommandTest">test</a></td>
				<td>Core</td>
				<td />
				<td>Evaluates conditional expressions (strings, files, numbers)</td>
			</tr>
			<tr>
				<td><a href="http://www.xmlsh.org/CommandTouch">touch</a></td>
				<td><a href="http://www.xmlsh.org/CommandsPosix">Posix</a></td>
				<td />
				<td>create and update timestamp of a file</td>
			</tr>
			<tr>
				<td><a href="http://www.xmlsh.org/CommandTie">tie</a></td>
				<td>Core</td>
				<td />
				<td>Ties an xquery to a variable for ease of access</td>
			</tr>
			<tr>
				<td><a href="http://www.xmlsh.org/CommandTrue">true</a></td>
				<td>Core</td>
				<td />
				<td>returns true</td>
			</tr>
			<tr>
				<td><a href="http://www.xmlsh.org/CommandUnset">unset</a></td>
				<td>Core</td>
				<td />
				<td>Unset a variable</td>
			</tr>
			<tr>
				<td><a href="http://www.xmlsh.org/CommandWait">wait</a></td>
				<td>Core</td>
				<td />
				<td>wait for jobs to complete</td>
			</tr>
			<tr>
				<td><a href="http://www.xmlsh.org/CommandXaddattribute"
					>xaddattributre</a></td>
				<td>Core</td>
				<td />
				<td>Adds or replaces an attribute to nodes matching an expression</td>
			</tr>
			<tr>
				<td><a href="http://www.xmlsh.org/CommandXaddbase">xaddbase</a></td>
				<td>Core</td>
				<td />
				<td>Add xml:base attributes to a document</td>
			</tr>
			<tr>
				<td><a href="http://www.xmlsh.org/CommandXbase">xbase</a></td>
				<td>Core</td>
				<td />
				<td>extract the base URI from a document or node</td>
			</tr>
			<tr>
				<td><a href="http://www.xmlsh.org/CommandXcat">xcat</a></td>
				<td>Core</td>
				<td>Yes</td>
				<td>concatenate XML documents</td>
			</tr>
			<tr>
				<td><a href="http://www.xmlsh.org/CommandXcmp">xcmp</a></td>
				<td>Core</td>
				<td>Yes</td>
				<td>compare text, binary or xml</td>
			</tr>
			<tr>
				<td><a href="http://www.xmlsh.org/CommandXdelattribute"
					>xdelattribute</a></td>
				<td>Core</td>
				<td>Yes</td>
				<td>delete attributes</td>
			</tr>
			<tr>
				<td><a href="http://www.xmlsh.org/CommandXdelete">xdelete</a></td>
				<td>Core</td>
				<td />
				<td>Deletes nodes or attributes matching an expression</td>
			</tr>
			<tr>
				<td><a href="http://www.xmlsh.org/CommandXEcho">xecho</a></td>
				<td>Core</td>
				<td />
				<td>Prints arguments as xml</td>
			</tr>
			<tr>
				<td><a href="http://www.xmlsh.org/CommandXed">xed</a></td>
				<td>Core</td>
				<td />
				<td>xpath based xml edit</td>
			</tr>
			<tr>
				<td><a class="missingpage" href="http://www.xmlsh.org/CommandXevent/edit"
						title="Create this page">xevent</a></td>
				<td>Test</td>
				<td>Yes</td>
				<td>generate or receive StAX Events</td>
			</tr>
			<tr>
				<td><a href="http://www.xmlsh.org/CommandXfile">xfile</a></td>
				<td>Core</td>
				<td />
				<td>file name manipulations</td>
			</tr>
			<tr>
				<td><a href="http://www.xmlsh.org/CommandXgetopts">xgetopts</a></td>
				<td>Core</td>
				<td />
				<td>parse arguments into xml</td>
			</tr>
			<tr>
				<td><a href="http://www.xmlsh.org/CommandXgrep">xgrep</a></td>
				<td>Core</td>
				<td />
				<td>Search for patterns in files</td>
			</tr>
			<tr>
				<td><a href="http://www.xmlsh.org/CommandXidentity">xidentity</a></td>
				<td>Core</td>
				<td>Yes</td>
				<td>Outputs an identical copy of the input</td>
			</tr>
			<tr>
				<td><a href="http://www.xmlsh.org/CommandXinclude">xinclude</a></td>
				<td>Core</td>
				<td />
				<td>runs xinclude preprocessing on an xml file</td>
			</tr>
			<tr>
				<td><a href="http://www.xmlsh.org/CommandXls">xls</a></td>
				<td>Core</td>
				<td />
				<td>list files in a directory</td>
			</tr>
			<tr>
				<td><a href="http://www.xmlsh.org/CommandXmd5sum">xmd5sum</a></td>
				<td>Core</td>
				<td>Yes</td>
				<td>MD5 sum of file(s)</td>
			</tr>
			<tr>
				<td><a href="http://www.xmlsh.org/CommandXml2csv">xml2csv</a></td>
				<td>Core</td>
				<td />
				<td>convert xml to csv</td>
			</tr>
			<tr>
				<td><a href="http://www.xmlsh.org/CommandXml2json">xml2json</a></td>
				<td>Core</td>
				<td />
				<td>Convert XML to JSON</td>
			</tr>
			<tr>
				<td><a href="http://www.xmlsh.org/CommandXmove">xmove</a></td>
				<td>Core</td>
				<td />
				<td>Rename/Move xml files to a new filename based on an expression in the file</td>
			</tr>
			<tr>
				<td><a href="http://www.xmlsh.org/CommandXpath">xpath</a></td>
				<td>Core</td>
				<td />
				<td>run xpath version 2.0 expressions on an xml document</td>
			</tr>
			<tr>
				<td><a href="http://www.xmlsh.org/CommandXmlsh">xmlsh</a></td>
				<td>Core</td>
				<td />
				<td>Run a sub shell</td>
			</tr>
			<tr>
				<td><a href="http://www.xmlsh.org/CommandXpwd">xpwd</a></td>
				<td>Core</td>
				<td />
				<td>prints the current directory</td>
			</tr>
			<tr>
				<td><a href="http://www.xmlsh.org/CommandXProperties">xproperties</a></td>
				<td>Core</td>
				<td />
				<td>parse or generate Java Properties files</td>
			</tr>
			<tr>
				<td><a href="http://www.xmlsh.org/CommandXquery">xquery</a></td>
				<td>Core</td>
				<td />
				<td>runs xquery scripts on an xml document</td>
			</tr>
			<tr>
				<td><a href="http://www.xmlsh.org/CommandXquote">xquote</a></td>
				<td>Core</td>
				<td />
				<td>Converts an XML expression into a String</td>
			</tr>
			<tr>
				<td><a href="http://www.xmlsh.org/CommandXRead">xread</a></td>
				<td>Core</td>
				<td />
				<td>Reads an XML document into a variable</td>
			</tr>
			<tr>
				<td><a href="http://www.xmlsh.org/CommandXsdvalidate">xsdvalidate</a></td>
				<td>Core</td>
				<td />
				<td>Validates against one or more W3C XSD schemas</td>
			</tr>
			<tr>
				<td><a href="http://www.xmlsh.org/CommandXsql">xsql</a></td>
				<td>Core</td>
				<td />
				<td>query a relational database using jdbc</td>
			</tr>
			<tr>
				<td><a href="http://www.xmlsh.org/CommandXslt">xslt</a></td>
				<td>Core</td>
				<td />
				<td>runs xslt version 2.0 transformations</td>
			</tr>
			<tr>
				<td><a href="http://www.xmlsh.org/CommandXslt1">xslt1</a></td>
				<td>Core</td>
				<td />
				<td>runs xslt version 1.0 transformations</td>
			</tr>
			<tr>
				<td><a href="http://www.xmlsh.org/CommandXsplit">xsplit</a></td>
				<td>Core</td>
				<td>Yes</td>
				<td>splits an XML file into multiple files</td>
			</tr>
			<tr>
				<td><a href="http://www.xmlsh.org/CommandXsysinfo">xsysinfo</a></td>
				<td><a href="http://www.xmlsh.org/CommandsExperimental"
					>Experimental</a></td>
				<td />
				<td>prints system information</td>
			</tr>
			<tr>
				<td><a href="http://www.xmlsh.org/CommandXtee">xtee</a></td>
				<td>Core</td>
				<td>Yes</td>
				<td>copies input to multiple outputs</td>
			</tr>
			<tr>
				<td><a href="http://www.xmlsh.org/CommandXtype">xtype</a></td>
				<td>Core</td>
				<td />
				<td>prints the XDM type of each argument</td>
			</tr>
			<tr>
				<td><a href="http://www.xmlsh.org/CommandXuri">xuri</a></td>
				<td>Core</td>
				<td />
				<td>create and disect URI's</td>
			</tr>
			<tr>
				<td><a href="http://www.xmlsh.org/CommandXurldecode">xurldecode</a></td>
				<td>Core</td>
				<td />
				<td>Decode arguments (or stdin) from urlencoded to text</td>
			</tr>
			<tr>
				<td><a href="http://www.xmlsh.org/CommandXurlencode">xurlencode</a></td>
				<td>Core</td>
				<td />
				<td>Encode arguments (or stdin) from text to urlencoded</td>
			</tr>
			<tr>
				<td><a href="http://www.xmlsh.org/CommandXunquote">xunquote</a></td>
				<td>Core</td>
				<td />
				<td>Converts (parses) a string into an XML expression</td>
			</tr>
			<tr>
				<td><a href="http://www.xmlsh.org/CommandsXunzip">xunzip</a></td>
				<td>Core</td>
				<td>Yes</td>
				<td>Extracts zip archives</td>
			</tr>
			<tr>
				<td><a href="http://www.xmlsh.org/CommandXvalidate">xvalidate</a></td>
				<td>Core</td>
				<td />
				<td>validate a document against a schema</td>
			</tr>
			<tr>
				<td><a href="http://www.xmlsh.org/CommandXversion">xversion</a></td>
				<td>Core</td>
				<td />
				<td>prints the shell version </td>
			</tr>
			<tr>
				<td><a href="http://www.xmlsh.org/CommandXWhich">xwhich</a></td>
				<td>Core</td>
				<td />
				<td>Locates commands</td>
			</tr>
			<tr>
				<td><a class="missingpage" href="http://www.xmlsh.org/CommandsXzip/edit"
						title="Create this page">xzip</a></td>
				<td>Core</td>
				<td>Yes</td>
				<td>Creates zip archives</td>
			</tr>
		</tbody>
		
		
	</table>
	
	
</section>